fold,baseline,accuracy,macro_precision,macro_recall,macro_f1,fall_precision,fall_recall,fall_f1,flat_precision,flat_recall,flat_f1,rise_precision,rise_recall,rise_f1
1,Majority Class,0.3952380952380952,0.13174603174603175,0.3333333333333333,0.18885096700796358,0.0,0.0,0.0,0.0,0.0,0.0,0.3952380952380952,1.0,0.5665529010238908
1,Always Flat,0.3630952380952381,0.12103174603174603,0.3333333333333333,0.17758369723435227,0.0,0.0,0.0,0.3630952380952381,1.0,0.5327510917030568,0.0,0.0,0.0
1,Directional Persistence,0.25952380952380955,0.244807258635948,0.23992719647061153,0.24214800519736368,0.0784313725490196,0.07881773399014778,0.07862407862407862,0.4280701754385965,0.4,0.4135593220338983,0.22792022792022792,0.24096385542168675,0.2342606149341142
2,Majority Class,0.3880952380952381,0.12936507936507938,0.3333333333333333,0.1863922241280732,0.0,0.0,0.0,0.0,0.0,0.0,0.3880952380952381,1.0,0.5591766723842195
2,Always Flat,0.375,0.125,0.3333333333333333,0.1818181818181818,0.0,0.0,0.0,0.375,1.0,0.5454545454545454,0.0,0.0,0.0
2,Directional Persistence,0.21666666666666667,0.19802987095850097,0.19817366770229242,0.19807567577218843,0.057971014492753624,0.06030150753768844,0.059113300492610835,0.3742138364779874,0.37777777777777777,0.37598736176935227,0.1619047619047619,0.15644171779141106,0.15912636505460218
3,Majority Class,0.2988095238095238,0.0996031746031746,0.3333333333333333,0.15337610754659334,0.0,0.0,0.0,0.0,0.0,0.0,0.2988095238095238,1.0,0.46012832263978004
3,Always Flat,0.2726190476190476,0.09087301587301587,0.3333333333333333,0.14281259744309324,0.0,0.0,0.0,0.2726190476190476,1.0,0.4284377923292797,0.0,0.0,0.0
3,Directional Persistence,0.23214285714285715,0.22455205292849234,0.2279599215945534,0.22612418960457079,0.2804532577903683,0.275,0.2776998597475456,0.2816326530612245,0.30131004366812225,0.2911392405063291,0.1115702479338843,0.10756972111553785,0.10953346855983773
