,VIF,group,flag
roll_mean_4,6692.6,Price,VIF > 10
roll_mean_8,2449.1,Price,VIF > 10
price_lag_2,888.7,Price,VIF > 10
price_lag_1,817.8,Price,VIF > 10
price,730.2,Price,VIF > 10
price_lag_4,472.0,Price,VIF > 10
price_vs_roll_mean_4,444.3,Price,VIF > 10
arrivals_roll_mean_4,385.0,Arrivals,VIF > 10
price_vs_roll_mean_8,248.6,Price,VIF > 10
month,210.7,Calendar,VIF > 10
arrivals,178.7,Arrivals,VIF > 10
quarter,173.5,Calendar,VIF > 10
arrivals_lag_1,138.4,Arrivals,VIF > 10
pct_change_2w,138.2,Price,VIF > 10
pct_change_1w,105.0,Price,VIF > 10
pct_change_4w,95.0,Price,VIF > 10
temp_max_c,32.5,Weather,VIF > 10
arrivals_vs_roll_mean_4,31.4,Arrivals,VIF > 10
arrivals_pct_change_1w,27.8,Arrivals,VIF > 10
temp_mean_c,26.3,Weather,VIF > 10
rainfall_roll_sum_4,18.7,Weather,VIF > 10
week_of_quarter,15.8,Calendar,VIF > 10
humidity_mean_pct,10.9,Weather,VIF > 10
humidity_roll_mean_4,9.6,Weather,
rainfall_mm,9.4,Weather,
price_vs_national_mean,6.0,Price,
week_of_year_cos,5.3,Calendar,
temp_anomaly_c,5.3,Weather,
week_of_year_sin,4.9,Calendar,
price_vs_state_mean,4.8,Price,
rainy_days,4.2,Weather,
rainfall_lag_2,4.1,Weather,
rainfall_lag_1,3.7,Weather,
heavy_rain_flag,2.3,Weather,
heat_flag,1.9,Weather,
next_week_is_quarter_start,1.6,Calendar,
roll_std_4,1.3,Price,
price_spread_pct,1.1,Price,
