experiment,baseline,mean_accuracy,std_accuracy,mean_macro_f1,std_macro_f1,mean_fall_recall,mean_flat_recall,mean_rise_recall
Experiment 1 - Baselines,Directional Persistence,0.2361111111111111,0.0217023951013894,0.2221159568580409,0.0223078910377708,0.1380397471759454,0.3596959404819667,0.1683250981095452
Experiment 1 - Baselines,Majority Class,0.3607142857142857,0.0537299242685559,0.17620643289421,0.0198098251063929,0.0,0.0,1.0
Experiment 1 - Baselines,Always Flat,0.3369047619047619,0.055990361982404,0.1674048254985424,0.0214024759191802,0.0,1.0,0.0
Experiment 2 - Logistic Regression,Logistic Regression,0.5666666666666668,0.0428736740604026,0.5384110538304093,0.0325637315332281,0.4569933685944776,0.4167663772503059,0.7680548655649656
Experiment 3 - Random Forest,Random Forest,0.5646825396825397,0.0739661676250488,0.5551930381786229,0.0661868384096,0.6357606312900023,0.4126212956050453,0.6379744775302908
Experiment 4 - XGBoost,XGBoost,0.5571428571428572,0.0774084200333755,0.5415255155517983,0.0766563905856623,0.631406828889934,0.3473376611324925,0.6852457614781958
Experiment 5 - LightGBM,LightGBM,0.5674603174603176,0.0707540906621451,0.5513747532016623,0.0670251819466158,0.6304720326683592,0.3658475058718455,0.6897976625294716
Experiment 6 - CatBoost,CatBoost,0.5801587301587302,0.0810427833224341,0.5692963400659522,0.0789546575626124,0.6696380781851238,0.4084639418879521,0.6656101835052673
Experiment 8 - Calendar Ablation,CatBoost - Calendar Ablation,0.5833333333333334,0.06322986535661664,0.5692220730665362,0.058034975028599986,0.581786165822728,0.43282483776434666,0.6926938806481027
