,PC1,PC2,PC3,PC4,PC5,PC6,PC7,PC8,PC9,PC10,PC11,PC12,PC13,PC14
price,0.3359,0.0831,0.0567,0.0013,-0.0228,0.0092,0.0003,-0.0148,0.0174,-0.0015,-0.0059,-0.0017,-0.0287,0.0234
price_lag_1,0.3354,-0.0119,-0.0151,0.0114,0.0365,0.0098,-0.0032,-0.0798,0.0602,-0.0318,-0.0212,0.006,-0.1582,0.1253
price_lag_2,0.3349,-0.0291,-0.0349,-0.0025,0.0179,0.015,0.0279,-0.0793,0.0603,-0.0366,-0.0251,0.0004,-0.0724,0.0068
price_lag_4,0.3299,-0.0318,-0.0634,-0.017,-0.0215,0.0183,0.0646,-0.0244,0.0033,-0.0094,0.0019,0.0405,0.1359,-0.044
pct_change_1w,0.0048,0.262,0.1989,-0.027,-0.1691,-0.0006,0.0205,0.1846,-0.1296,0.0925,0.0673,-0.0217,0.3533,-0.2871
pct_change_2w,0.0063,0.2825,0.2303,0.0088,-0.1087,-0.0131,-0.0627,0.1647,-0.1194,0.0925,0.0647,-0.0057,0.1038,0.0404
pct_change_4w,0.0165,0.2556,0.2654,0.041,-0.0085,-0.0182,-0.1409,0.0253,0.0251,0.019,-0.0171,-0.0947,-0.3682,0.1493
roll_mean_4,0.3437,0.0034,-0.0097,-0.0002,0.0069,0.013,0.0173,-0.0572,0.0428,-0.0231,-0.0154,0.004,-0.0646,0.0372
roll_mean_8,0.3426,-0.0082,-0.0374,-0.0091,-0.0194,0.0155,0.0363,-0.0299,0.0177,-0.0096,-0.0083,0.0113,0.0156,0.0091
roll_std_4,0.0206,-0.0792,-0.0686,-0.0139,-0.0661,0.0411,0.2274,0.0806,-0.2774,0.2056,0.837,0.1535,-0.241,0.0538
price_vs_roll_mean_4,0.0097,0.3157,0.2613,0.0064,-0.1194,-0.0133,-0.0647,0.1627,-0.0999,0.085,0.0383,-0.025,0.1301,-0.0501
price_vs_roll_mean_8,0.0243,0.2972,0.3028,0.0339,-0.0152,-0.0188,-0.1138,0.0457,-0.0019,0.0275,0.0054,-0.0429,-0.1486,0.0471
price_spread_pct,0.0389,-0.076,-0.0758,-0.0127,0.0464,-0.0042,-0.0007,-0.1084,-0.0211,0.9416,-0.2214,-0.1777,-0.0209,0.0149
price_vs_state_mean,0.0625,0.1434,0.155,0.0128,-0.2133,0.0793,0.5001,-0.2544,0.1283,-0.009,-0.0832,0.0321,-0.0208,-0.0167
price_vs_national_mean,0.0693,0.1478,0.1699,0.0104,-0.2275,0.0801,0.4906,-0.2425,0.1129,-0.0143,-0.0682,0.019,-0.0098,0.0471
arrivals,-0.3129,0.0019,0.0549,0.0178,-0.0075,0.1943,0.0786,-0.1508,0.0769,0.0053,-0.016,0.0197,-0.0674,0.054
arrivals_lag_1,-0.313,0.0034,0.053,0.0121,0.0001,-0.1043,0.1386,-0.1475,0.0904,0.0091,-0.0185,0.0193,-0.0774,0.0653
arrivals_pct_change_1w,0.0007,-0.0049,0.0041,0.0125,-0.017,0.6775,-0.1345,-0.0039,-0.032,-0.0055,0.0036,0.0018,0.0176,-0.0246
arrivals_roll_mean_4,-0.3239,0.0028,0.0564,0.016,-0.0035,0.0123,0.1176,-0.1439,0.0837,0.0041,-0.0155,0.0211,-0.0671,0.0553
arrivals_vs_roll_mean_4,-0.0057,-0.0034,0.003,0.0078,-0.0139,0.6747,-0.1263,-0.039,-0.0159,0.0076,-0.0085,0.0007,-0.0116,0.0023
rainfall_mm,0.0128,-0.1823,0.0956,0.3411,-0.0861,0.0193,0.0516,0.2537,0.3035,0.0348,0.0632,-0.1133,-0.0118,-0.0435
rainfall_lag_1,0.0128,-0.1262,0.1182,0.3126,-0.1062,-0.0325,-0.0803,-0.0754,-0.162,0.0261,-0.0728,0.2163,0.0529,-0.3598
rainfall_lag_2,0.0114,-0.1022,0.0875,0.2798,-0.0868,-0.0402,-0.073,-0.1563,-0.3319,0.0193,-0.1838,0.5005,0.007,0.1502
rainfall_roll_sum_4,0.0156,-0.1799,0.1243,0.3962,-0.1105,-0.0178,-0.0318,0.0252,-0.0479,0.0326,-0.0642,0.212,0.0075,-0.0699
rainy_days,0.0167,-0.1664,0.0975,0.3515,-0.0658,-0.0104,-0.0049,-0.0548,0.0113,-0.046,0.0957,-0.3788,-0.017,-0.1662
heavy_rain_flag,0.0028,-0.1034,0.0538,0.1652,-0.0458,0.0482,0.0799,0.506,0.5514,0.1119,0.023,0.2251,-0.0049,0.2054
temp_mean_c,-0.0058,0.2083,-0.1812,0.3319,0.1572,0.0014,0.0411,-0.0576,-0.0456,-0.0259,0.0282,-0.1133,-0.056,0.0083
temp_max_c,-0.0088,0.2309,-0.2107,0.3064,0.1497,0.0059,0.0447,-0.0397,-0.0316,-0.0197,0.0209,-0.0924,-0.0521,0.0299
heat_flag,-0.0124,0.18,-0.1568,0.1329,0.1812,0.0516,0.1755,0.1579,-0.1577,0.0003,-0.0543,0.0352,0.4798,0.5237
temp_anomaly_c,-0.0204,0.232,-0.2459,0.1076,-0.1701,-0.0338,-0.1494,-0.0552,0.0499,0.0568,-0.0336,0.2751,-0.1865,0.1828
humidity_mean_pct,0.0171,-0.2778,0.2361,-0.0019,-0.1828,-0.0247,-0.0877,-0.0772,-0.1056,-0.0472,0.0406,-0.3038,0.046,0.3448
humidity_roll_mean_4,0.0122,-0.2605,0.2163,-0.0383,-0.2418,-0.0358,-0.1217,-0.0676,-0.1589,-0.0222,0.0043,-0.09,0.0507,0.4252
week_of_quarter,0.0289,0.1646,0.2496,0.0354,0.2258,-0.0564,-0.3271,-0.1757,0.1781,0.0025,0.0914,0.0525,-0.1352,0.0934
next_week_is_quarter_start,0.0237,0.0036,0.1052,0.0332,0.1435,-0.0456,-0.2162,-0.4818,0.3899,0.0931,0.379,0.1498,0.4761,0.0009
quarter,0.0245,-0.0851,0.219,0.0151,0.4507,0.0436,0.2032,0.0582,-0.1152,0.0332,-0.0388,0.1116,-0.0673,-0.0056
month,0.0298,-0.0438,0.2567,0.0239,0.4625,0.0268,0.1115,0.011,-0.0641,0.0239,-0.0238,0.1083,-0.1246,0.0051
week_of_year_sin,-0.0246,0.1716,-0.269,0.0557,-0.3075,-0.0309,-0.1624,-0.091,0.0892,0.0494,0.0363,0.0586,-0.127,0.0418
week_of_year_cos,-0.0028,-0.1036,0.1064,-0.3912,-0.0941,0.0023,-0.0351,0.1056,0.0926,0.066,-0.0825,0.3573,-0.0363,-0.0721
