State,District,Mandi,Crops_Available
Punjab,Ludhiana,Ludhiana,"Wheat, Rice, Tomato, Onion, Potato"
Punjab,Jalandhar,Jalandhar,"Wheat, Rice, Potato, Onion, Tomato"
Punjab,Amritsar,Amritsar,"Wheat, Rice, Onion, Potato, Tomato"
Punjab,Patiala,Patiala,"Wheat, Rice, Onion, Potato, Tomato"
Punjab,Bathinda,Bathinda,"Wheat, Rice, Onion, Potato, Tomato"
Haryana,Karnal,Karnal,"Rice, Wheat, Tomato, Onion, Potato"
Haryana,Hisar,Hisar,"Wheat, Rice, Onion, Potato, Tomato"
Haryana,Ambala,Ambala,"Wheat, Rice, Onion, Potato, Tomato"
Haryana,Panipat,Panipat,"Wheat, Rice, Onion, Potato, Tomato"
Haryana,Sonipat,Sonipat,"Wheat, Rice, Onion, Potato, Tomato"
Uttar Pradesh,Kanpur Nagar,Kanpur,"Wheat, Rice, Potato, Onion, Tomato"
Uttar Pradesh,Lucknow,Lucknow,"Wheat, Rice, Potato, Onion, Tomato"
Uttar Pradesh,Agra,Agra,"Potato, Wheat, Rice, Onion, Tomato"
Uttar Pradesh,Varanasi,Varanasi,"Rice, Wheat, Potato, Onion, Tomato"
Uttar Pradesh,Meerut,Meerut,"Wheat, Rice, Potato, Onion, Tomato"
Madhya Pradesh,Indore,Indore,"Wheat, Onion, Potato, Tomato, Rice"
Madhya Pradesh,Ujjain,Ujjain,"Wheat, Onion, Potato, Tomato, Rice"
Madhya Pradesh,Bhopal,Bhopal,"Wheat, Onion, Potato, Tomato, Rice"
Madhya Pradesh,Gwalior,Gwalior,"Wheat, Potato, Onion, Tomato, Rice"
Madhya Pradesh,Jabalpur,Jabalpur,"Wheat, Rice, Potato, Onion, Tomato"
Maharashtra,Nashik,Lasalgaon,"Onion, Tomato, Wheat, Potato, Rice"
Maharashtra,Nashik,Pimpalgaon,"Onion, Tomato, Wheat, Potato, Rice"
Maharashtra,Pune,Pune,"Onion, Potato, Tomato, Wheat, Rice"
Maharashtra,Solapur,Solapur,"Onion, Tomato, Wheat, Rice, Potato"
Maharashtra,Nagpur,Nagpur,"Onion, Potato, Tomato, Rice, Wheat"
Karnataka,Bengaluru Urban,Bangalore,"Onion, Potato, Tomato, Rice, Wheat"
Karnataka,Dharwad,Hubli,"Onion, Potato, Rice, Wheat, Tomato"
Karnataka,Belagavi,Belgaum,"Onion, Potato, Rice, Wheat, Tomato"
Karnataka,Chitradurga,Chitradurga,"Onion, Rice, Wheat, Tomato, Potato"
Karnataka,Davangere,Davangere,"Rice, Onion, Potato, Wheat, Tomato"
Gujarat,Bhavnagar,Mahuva,"Onion, Wheat, Rice, Potato, Tomato"
Gujarat,Rajkot,Gondal,"Onion, Tomato, Wheat, Potato, Rice"
Gujarat,Rajkot,Rajkot,"Onion, Potato, Tomato, Wheat, Rice"
Gujarat,Ahmedabad,Ahmedabad,"Onion, Potato, Tomato, Wheat, Rice"
Gujarat,Surat,Surat,"Onion, Potato, Tomato, Rice, Wheat"
Rajasthan,Jaipur,Jaipur,"Wheat, Onion, Potato, Tomato, Rice"
Rajasthan,Alwar,Alwar,"Onion, Wheat, Tomato, Potato, Rice"
Rajasthan,Jodhpur,Jodhpur,"Wheat, Onion, Potato, Tomato, Rice"
Rajasthan,Kota,Kota,"Wheat, Rice, Onion, Potato, Tomato"
Rajasthan,Bikaner,Bikaner,"Wheat, Onion, Potato, Tomato, Rice"
West Bengal,Kolkata,Kolkata,"Rice, Potato, Onion, Tomato, Wheat"
West Bengal,Paschim Bardhaman,Burdwan,"Rice, Potato, Onion, Wheat, Tomato"
West Bengal,Siliguri,Siliguri,"Rice, Potato, Onion, Tomato, Wheat"
West Bengal,Hooghly,Hooghly,"Potato, Rice, Onion, Tomato, Wheat"
West Bengal,Malda,Malda,"Rice, Potato, Onion, Tomato, Wheat"
Bihar,Patna,Patna,"Rice, Wheat, Potato, Onion, Tomato"
Bihar,Muzaffarpur,Muzaffarpur,"Rice, Wheat, Potato, Onion, Tomato"
Bihar,Gaya,Gaya,"Rice, Wheat, Potato, Onion, Tomato"
Bihar,Bhagalpur,Bhagalpur,"Rice, Wheat, Potato, Onion, Tomato"
Bihar,Purnia,Purnia,"Rice, Potato, Wheat, Onion, Tomato"
Tamil Nadu,Chennai,Chennai,"Rice, Onion, Potato, Tomato, Wheat"
Tamil Nadu,Coimbatore,Coimbatore,"Rice, Onion, Potato, Tomato, Wheat"
Tamil Nadu,Madurai,Madurai,"Rice, Onion, Potato, Tomato, Wheat"
Tamil Nadu,Salem,Salem,"Rice, Onion, Potato, Tomato, Wheat"
Tamil Nadu,Tiruchirappalli,Tiruchirappalli,"Rice, Onion, Potato, Tomato, Wheat"
Telangana,Hyderabad,Hyderabad,"Rice, Onion, Potato, Tomato, Wheat"
Telangana,Warangal,Warangal,"Rice, Onion, Potato, Tomato, Wheat"
Telangana,Nizamabad,Nizamabad,"Rice, Onion, Potato, Tomato, Wheat"
Telangana,Karimnagar,Karimnagar,"Rice, Onion, Potato, Tomato, Wheat"
Telangana,Mahbubnagar,Mahbubnagar,"Rice, Onion, Potato, Tomato, Wheat"
Andhra Pradesh,Krishna,Vijayawada,"Rice, Onion, Potato, Tomato, Wheat"
Andhra Pradesh,Guntur,Guntur,"Rice, Onion, Potato, Tomato, Wheat"
Andhra Pradesh,Visakhapatnam,Visakhapatnam,"Rice, Onion, Potato, Tomato, Wheat"
Andhra Pradesh,Kurnool,Kurnool,"Rice, Onion, Potato, Tomato, Wheat"
Andhra Pradesh,East Godavari,Rajahmundry,"Rice, Onion, Potato, Tomato, Wheat"
Odisha,Khurda,Bhubaneswar,"Rice, Potato, Onion, Tomato, Wheat"
Odisha,Cuttack,Cuttack,"Rice, Potato, Onion, Tomato, Wheat"
Odisha,Sambalpur,Sambalpur,"Rice, Potato, Onion, Tomato, Wheat"
Odisha,Ganjam,Berhampur,"Rice, Potato, Onion, Tomato, Wheat"
Odisha,Balasore,Balasore,"Rice, Potato, Onion, Tomato, Wheat"
